coefficient_name,eatout,escort,othdiscr,othmaint,school,shopping,social,univ,work,atwork
coef_nest_root,coef_nest_root,coef_nest_root,coef_nest_root,coef_nest_root,coef_nest_root,coef_nest_root,coef_nest_root,coef_nest_root,coef_nest_root,coef_nest_root
coef_nest_AUTO,coef_nest_AUTO,coef_nest_AUTO,coef_nest_AUTO,coef_nest_AUTO,coef_nest_AUTO,coef_nest_AUTO,coef_nest_AUTO,coef_nest_AUTO,coef_nest_AUTO,coef_nest_AUTO
coef_nest_AUTO_DRIVEALONE,coef_nest_AUTO_DRIVEALONE,coef_nest_AUTO_DRIVEALONE,coef_nest_AUTO_DRIVEALONE,coef_nest_AUTO_DRIVEALONE,coef_nest_AUTO_DRIVEALONE,coef_nest_AUTO_DRIVEALONE,coef_nest_AUTO_DRIVEALONE,coef_nest_AUTO_DRIVEALONE,coef_nest_AUTO_DRIVEALONE,coef_nest_AUTO_DRIVEALONE
coef_nest_AUTO_SHAREDRIDE2,coef_nest_AUTO_SHAREDRIDE2,coef_nest_AUTO_SHAREDRIDE2,coef_nest_AUTO_SHAREDRIDE2,coef_nest_AUTO_SHAREDRIDE2,coef_nest_AUTO_SHAREDRIDE2,coef_nest_AUTO_SHAREDRIDE2,coef_nest_AUTO_SHAREDRIDE2,coef_nest_AUTO_SHAREDRIDE2,coef_nest_AUTO_SHAREDRIDE2,coef_nest_AUTO_SHAREDRIDE2
coef_nest_AUTO_SHAREDRIDE3,coef_nest_AUTO_SHAREDRIDE3,coef_nest_AUTO_SHAREDRIDE3,coef_nest_AUTO_SHAREDRIDE3,coef_nest_AUTO_SHAREDRIDE3,coef_nest_AUTO_SHAREDRIDE3,coef_nest_AUTO_SHAREDRIDE3,coef_nest_AUTO_SHAREDRIDE3,coef_nest_AUTO_SHAREDRIDE3,coef_nest_AUTO_SHAREDRIDE3,coef_nest_AUTO_SHAREDRIDE3
coef_nest_NONMOTORIZED,coef_nest_NONMOTORIZED,coef_nest_NONMOTORIZED,coef_nest_NONMOTORIZED,coef_nest_NONMOTORIZED,coef_nest_NONMOTORIZED,coef_nest_NONMOTORIZED,coef_nest_NONMOTORIZED,coef_nest_NONMOTORIZED,coef_nest_NONMOTORIZED,coef_nest_NONMOTORIZED
coef_nest_TRANSIT,coef_nest_TRANSIT,coef_nest_TRANSIT,coef_nest_TRANSIT,coef_nest_TRANSIT,coef_nest_TRANSIT,coef_nest_TRANSIT,coef_nest_TRANSIT,coef_nest_TRANSIT,coef_nest_TRANSIT,coef_nest_TRANSIT
coef_nest_TRANSIT_WALKACCESS,coef_nest_TRANSIT_WALKACCESS,coef_nest_TRANSIT_WALKACCESS,coef_nest_TRANSIT_WALKACCESS,coef_nest_TRANSIT_WALKACCESS,coef_nest_TRANSIT_WALKACCESS,coef_nest_TRANSIT_WALKACCESS,coef_nest_TRANSIT_WALKACCESS,coef_nest_TRANSIT_WALKACCESS,coef_nest_TRANSIT_WALKACCESS,coef_nest_TRANSIT_WALKACCESS
coef_nest_TRANSIT_PNRACCESS,coef_nest_TRANSIT_PNRACCESS,coef_nest_TRANSIT_PNRACCESS,coef_nest_TRANSIT_PNRACCESS,coef_nest_TRANSIT_PNRACCESS,coef_nest_TRANSIT_PNRACCESS,coef_nest_TRANSIT_PNRACCESS,coef_nest_TRANSIT_PNRACCESS,coef_nest_TRANSIT_PNRACCESS,coef_nest_TRANSIT_PNRACCESS,coef_nest_TRANSIT_PNRACCESS
coef_nest_TRANSIT_KNRACCESS,coef_nest_TRANSIT_KNRACCESS,coef_nest_TRANSIT_KNRACCESS,coef_nest_TRANSIT_KNRACCESS,coef_nest_TRANSIT_KNRACCESS,coef_nest_TRANSIT_KNRACCESS,coef_nest_TRANSIT_KNRACCESS,coef_nest_TRANSIT_KNRACCESS,coef_nest_TRANSIT_KNRACCESS,coef_nest_TRANSIT_KNRACCESS,coef_nest_TRANSIT_KNRACCESS
coef_nest_SCHOOL_BUS,coef_nest_SCHOOL_BUS,coef_nest_SCHOOL_BUS,coef_nest_SCHOOL_BUS,coef_nest_SCHOOL_BUS,coef_nest_SCHOOL_BUS,coef_nest_SCHOOL_BUS,coef_nest_SCHOOL_BUS,coef_nest_SCHOOL_BUS,coef_nest_SCHOOL_BUS,coef_nest_SCHOOL_BUS
coef_nest_RIDEHAIL,coef_nest_RIDEHAIL,coef_nest_RIDEHAIL,coef_nest_RIDEHAIL,coef_nest_RIDEHAIL,coef_nest_RIDEHAIL,coef_nest_RIDEHAIL,coef_nest_RIDEHAIL,coef_nest_RIDEHAIL,coef_nest_RIDEHAIL,coef_nest_RIDEHAIL
coef_ivt,coef_ivt_eatout_escort_othdiscr_othmaint_shopping_social,coef_ivt_eatout_escort_othdiscr_othmaint_shopping_social,coef_ivt_eatout_escort_othdiscr_othmaint_shopping_social,coef_ivt_eatout_escort_othdiscr_othmaint_shopping_social,coef_ivt_school_univ,coef_ivt_eatout_escort_othdiscr_othmaint_shopping_social,coef_ivt_eatout_escort_othdiscr_othmaint_shopping_social,coef_ivt_school_univ,coef_ivt_work,coef_ivt_atwork
coef_topology_walk_multiplier,coef_topology_walk_multiplier_eatout_escort_othdiscr_othmaint_school_shopping_social_univ_work,coef_topology_walk_multiplier_eatout_escort_othdiscr_othmaint_school_shopping_social_univ_work,coef_topology_walk_multiplier_eatout_escort_othdiscr_othmaint_school_shopping_social_univ_work,coef_topology_walk_multiplier_eatout_escort_othdiscr_othmaint_school_shopping_social_univ_work,coef_topology_walk_multiplier_eatout_escort_othdiscr_othmaint_school_shopping_social_univ_work,coef_topology_walk_multiplier_eatout_escort_othdiscr_othmaint_school_shopping_social_univ_work,coef_topology_walk_multiplier_eatout_escort_othdiscr_othmaint_school_shopping_social_univ_work,coef_topology_walk_multiplier_eatout_escort_othdiscr_othmaint_school_shopping_social_univ_work,coef_topology_walk_multiplier_eatout_escort_othdiscr_othmaint_school_shopping_social_univ_work,coef_topology_walk_multiplier_atwork
coef_topology_bike_multiplier,coef_topology_bike_multiplier_eatout_escort_othdiscr_othmaint_school_shopping_social_univ_work,coef_topology_bike_multiplier_eatout_escort_othdiscr_othmaint_school_shopping_social_univ_work,coef_topology_bike_multiplier_eatout_escort_othdiscr_othmaint_school_shopping_social_univ_work,coef_topology_bike_multiplier_eatout_escort_othdiscr_othmaint_school_shopping_social_univ_work,coef_topology_bike_multiplier_eatout_escort_othdiscr_othmaint_school_shopping_social_univ_work,coef_topology_bike_multiplier_eatout_escort_othdiscr_othmaint_school_shopping_social_univ_work,coef_topology_bike_multiplier_eatout_escort_othdiscr_othmaint_school_shopping_social_univ_work,coef_topology_bike_multiplier_eatout_escort_othdiscr_othmaint_school_shopping_social_univ_work,coef_topology_bike_multiplier_eatout_escort_othdiscr_othmaint_school_shopping_social_univ_work,coef_topology_bike_multiplier_atwork
coef_topology_trn_multiplier,coef_topology_trn_multiplier_eatout_escort_othdiscr_othmaint_school_shopping_social_univ_work,coef_topology_trn_multiplier_eatout_escort_othdiscr_othmaint_school_shopping_social_univ_work,coef_topology_trn_multiplier_eatout_escort_othdiscr_othmaint_school_shopping_social_univ_work,coef_topology_trn_multiplier_eatout_escort_othdiscr_othmaint_school_shopping_social_univ_work,coef_topology_trn_multiplier_eatout_escort_othdiscr_othmaint_school_shopping_social_univ_work,coef_topology_trn_multiplier_eatout_escort_othdiscr_othmaint_school_shopping_social_univ_work,coef_topology_trn_multiplier_eatout_escort_othdiscr_othmaint_school_shopping_social_univ_work,coef_topology_trn_multiplier_eatout_escort_othdiscr_othmaint_school_shopping_social_univ_work,coef_topology_trn_multiplier_eatout_escort_othdiscr_othmaint_school_shopping_social_univ_work,coef_topology_trn_multiplier_atwork
coef_age1619_da_multiplier,coef_age1619_da_multiplier_eatout_escort_othdiscr_othmaint_shopping_social_work,coef_age1619_da_multiplier_eatout_escort_othdiscr_othmaint_shopping_social_work,coef_age1619_da_multiplier_eatout_escort_othdiscr_othmaint_shopping_social_work,coef_age1619_da_multiplier_eatout_escort_othdiscr_othmaint_shopping_social_work,coef_age1619_da_multiplier_school_univ,coef_age1619_da_multiplier_eatout_escort_othdiscr_othmaint_shopping_social_work,coef_age1619_da_multiplier_eatout_escort_othdiscr_othmaint_shopping_social_work,coef_age1619_da_multiplier_school_univ,coef_age1619_da_multiplier_eatout_escort_othdiscr_othmaint_shopping_social_work,coef_age1619_da_multiplier_atwork
coef_age010_trn_multiplier,coef_age010_trn_multiplier_eatout_escort_othdiscr_othmaint_shopping_social_work,coef_age010_trn_multiplier_eatout_escort_othdiscr_othmaint_shopping_social_work,coef_age010_trn_multiplier_eatout_escort_othdiscr_othmaint_shopping_social_work,coef_age010_trn_multiplier_eatout_escort_othdiscr_othmaint_shopping_social_work,coef_age010_trn_multiplier_school_univ,coef_age010_trn_multiplier_eatout_escort_othdiscr_othmaint_shopping_social_work,coef_age010_trn_multiplier_eatout_escort_othdiscr_othmaint_shopping_social_work,coef_age010_trn_multiplier_school_univ,coef_age010_trn_multiplier_eatout_escort_othdiscr_othmaint_shopping_social_work,coef_age010_trn_multiplier_atwork
coef_age16p_sr_multiplier,coef_age16p_sr_multiplier_eatout_escort_othdiscr_othmaint_shopping_social,coef_age16p_sr_multiplier_eatout_escort_othdiscr_othmaint_shopping_social,coef_age16p_sr_multiplier_eatout_escort_othdiscr_othmaint_shopping_social,coef_age16p_sr_multiplier_eatout_escort_othdiscr_othmaint_shopping_social,coef_age16p_sr_multiplier_school_univ_work_atwork,coef_age16p_sr_multiplier_eatout_escort_othdiscr_othmaint_shopping_social,coef_age16p_sr_multiplier_eatout_escort_othdiscr_othmaint_shopping_social,coef_age16p_sr_multiplier_school_univ_work_atwork,coef_age16p_sr_multiplier_school_univ_work_atwork,coef_age16p_sr_multiplier_school_univ_work_atwork
coef_hhsize1_sr_multiplier,coef_hhsize1_sr_multiplier_eatout_escort_othdiscr_othmaint_school_shopping_social_univ_atwork,coef_hhsize1_sr_multiplier_eatout_escort_othdiscr_othmaint_school_shopping_social_univ_atwork,coef_hhsize1_sr_multiplier_eatout_escort_othdiscr_othmaint_school_shopping_social_univ_atwork,coef_hhsize1_sr_multiplier_eatout_escort_othdiscr_othmaint_school_shopping_social_univ_atwork,coef_hhsize1_sr_multiplier_eatout_escort_othdiscr_othmaint_school_shopping_social_univ_atwork,coef_hhsize1_sr_multiplier_eatout_escort_othdiscr_othmaint_school_shopping_social_univ_atwork,coef_hhsize1_sr_multiplier_eatout_escort_othdiscr_othmaint_school_shopping_social_univ_atwork,coef_hhsize1_sr_multiplier_eatout_escort_othdiscr_othmaint_school_shopping_social_univ_atwork,coef_hhsize1_sr_multiplier_work,coef_hhsize1_sr_multiplier_eatout_escort_othdiscr_othmaint_school_shopping_social_univ_atwork
coef_hhsize2_sr_multiplier,coef_hhsize2_sr_multiplier_eatout_escort_othdiscr_othmaint_shopping_social_work_atwork,coef_hhsize2_sr_multiplier_eatout_escort_othdiscr_othmaint_shopping_social_work_atwork,coef_hhsize2_sr_multiplier_eatout_escort_othdiscr_othmaint_shopping_social_work_atwork,coef_hhsize2_sr_multiplier_eatout_escort_othdiscr_othmaint_shopping_social_work_atwork,coef_hhsize2_sr_multiplier_school_univ,coef_hhsize2_sr_multiplier_eatout_escort_othdiscr_othmaint_shopping_social_work_atwork,coef_hhsize2_sr_multiplier_eatout_escort_othdiscr_othmaint_shopping_social_work_atwork,coef_hhsize2_sr_multiplier_school_univ,coef_hhsize2_sr_multiplier_eatout_escort_othdiscr_othmaint_shopping_social_work_atwork,coef_hhsize2_sr_multiplier_eatout_escort_othdiscr_othmaint_shopping_social_work_atwork
walk_ASC_no_auto,walk_ASC_no_auto_eatout,walk_ASC_no_auto_escort,walk_ASC_no_auto_othdiscr,walk_ASC_no_auto_othmaint,walk_ASC_no_auto_school,walk_ASC_no_auto_shopping,walk_ASC_no_auto_social,walk_ASC_no_auto_univ,walk_ASC_no_auto_work,walk_ASC_no_auto_atwork
walk_ASC_auto_deficient,walk_ASC_auto_deficient_eatout,walk_ASC_auto_deficient_escort,walk_ASC_auto_deficient_othdiscr,walk_ASC_auto_deficient_othmaint,walk_ASC_auto_deficient_school,walk_ASC_auto_deficient_shopping,walk_ASC_auto_deficient_social,walk_ASC_auto_deficient_univ,walk_ASC_auto_deficient_work,walk_ASC_auto_deficient_atwork
walk_ASC_auto_sufficient,walk_ASC_auto_sufficient_eatout,walk_ASC_auto_sufficient_escort,walk_ASC_auto_sufficient_othdiscr,walk_ASC_auto_sufficient_othmaint,walk_ASC_auto_sufficient_school,walk_ASC_auto_sufficient_shopping,walk_ASC_auto_sufficient_social,walk_ASC_auto_sufficient_univ,walk_ASC_auto_sufficient_work,walk_ASC_auto_sufficient_atwork
bike_ASC_no_auto,bike_ASC_no_auto_eatout,bike_ASC_no_auto_escort,bike_ASC_no_auto_othdiscr,bike_ASC_no_auto_othmaint,bike_ASC_no_auto_school,bike_ASC_no_auto_shopping,bike_ASC_no_auto_social,bike_ASC_no_auto_univ,bike_ASC_no_auto_work,bike_ASC_no_auto_atwork
bike_ASC_auto_deficient,bike_ASC_auto_deficient_eatout,bike_ASC_auto_deficient_escort,bike_ASC_auto_deficient_othdiscr,bike_ASC_auto_deficient_othmaint,bike_ASC_auto_deficient_school,bike_ASC_auto_deficient_shopping,bike_ASC_auto_deficient_social,bike_ASC_auto_deficient_univ,bike_ASC_auto_deficient_work,bike_ASC_auto_deficient_atwork
bike_ASC_auto_sufficient,bike_ASC_auto_sufficient_eatout,bike_ASC_auto_sufficient_escort,bike_ASC_auto_sufficient_othdiscr,bike_ASC_auto_sufficient_othmaint,bike_ASC_auto_sufficient_school,bike_ASC_auto_sufficient_shopping,bike_ASC_auto_sufficient_social,bike_ASC_auto_sufficient_univ,bike_ASC_auto_sufficient_work,bike_ASC_auto_sufficient_atwork
sr2_ASC_no_auto,sr2_ASC_no_auto_eatout,sr2_ASC_no_auto_escort,sr2_ASC_no_auto_othdiscr,sr2_ASC_no_auto_othmaint,sr2_ASC_no_auto_school,sr2_ASC_no_auto_shopping,sr2_ASC_no_auto_social,sr2_ASC_no_auto_univ,sr2_ASC_no_auto_work,sr2_ASC_no_auto_atwork
sr2_ASC_auto_deficient,sr2_ASC_auto_deficient_eatout,sr2_ASC_auto_deficient_escort,sr2_ASC_auto_deficient_othdiscr,sr2_ASC_auto_deficient_othmaint,sr2_ASC_auto_deficient_school,sr2_ASC_auto_deficient_shopping,sr2_ASC_auto_deficient_social,sr2_ASC_auto_deficient_univ,sr2_ASC_auto_deficient_work,sr2_ASC_auto_deficient_atwork
sr2_ASC_auto_sufficient,sr2_ASC_auto_sufficient_eatout,sr2_ASC_auto_sufficient_escort,sr2_ASC_auto_sufficient_othdiscr,sr2_ASC_auto_sufficient_othmaint,sr2_ASC_auto_sufficient_school,sr2_ASC_auto_sufficient_shopping,sr2_ASC_auto_sufficient_social,sr2_ASC_auto_sufficient_univ,sr2_ASC_auto_sufficient_work,sr2_ASC_auto_sufficient_atwork
sr3p_ASC_no_auto,sr3p_ASC_no_auto_eatout,sr3p_ASC_no_auto_escort,sr3p_ASC_no_auto_othdiscr,sr3p_ASC_no_auto_othmaint,sr3p_ASC_no_auto_school,sr3p_ASC_no_auto_shopping,sr3p_ASC_no_auto_social,sr3p_ASC_no_auto_univ,sr3p_ASC_no_auto_work,sr3p_ASC_no_auto_atwork
sr3p_ASC_auto_deficient,sr3p_ASC_auto_deficient_eatout,sr3p_ASC_auto_deficient_escort,sr3p_ASC_auto_deficient_othdiscr,sr3p_ASC_auto_deficient_othmaint,sr3p_ASC_auto_deficient_school,sr3p_ASC_auto_deficient_shopping,sr3p_ASC_auto_deficient_social,sr3p_ASC_auto_deficient_univ,sr3p_ASC_auto_deficient_work,sr3p_ASC_auto_deficient_atwork
sr3p_ASC_auto_sufficient,sr3p_ASC_auto_sufficient_eatout,sr3p_ASC_auto_sufficient_escort,sr3p_ASC_auto_sufficient_othdiscr,sr3p_ASC_auto_sufficient_othmaint,sr3p_ASC_auto_sufficient_school,sr3p_ASC_auto_sufficient_shopping,sr3p_ASC_auto_sufficient_social,sr3p_ASC_auto_sufficient_univ,sr3p_ASC_auto_sufficient_work,sr3p_ASC_auto_sufficient_atwork
walk_transit_ASC_no_auto,walk_transit_ASC_no_auto_eatout,walk_transit_ASC_no_auto_escort,walk_transit_ASC_no_auto_othdiscr,walk_transit_ASC_no_auto_othmaint,walk_transit_ASC_no_auto_school,walk_transit_ASC_no_auto_shopping,walk_transit_ASC_no_auto_social,walk_transit_ASC_no_auto_univ,walk_transit_ASC_no_auto_work,walk_transit_ASC_no_auto_atwork
walk_transit_ASC_auto_deficient,walk_transit_ASC_auto_deficient_eatout,walk_transit_ASC_auto_deficient_escort,walk_transit_ASC_auto_deficient_othdiscr,walk_transit_ASC_auto_deficient_othmaint,walk_transit_ASC_auto_deficient_school,walk_transit_ASC_auto_deficient_shopping,walk_transit_ASC_auto_deficient_social,walk_transit_ASC_auto_deficient_univ,walk_transit_ASC_auto_deficient_work,walk_transit_ASC_auto_deficient_atwork
walk_transit_ASC_auto_sufficient,walk_transit_ASC_auto_sufficient_eatout,walk_transit_ASC_auto_sufficient_escort,walk_transit_ASC_auto_sufficient_othdiscr,walk_transit_ASC_auto_sufficient_othmaint,walk_transit_ASC_auto_sufficient_school,walk_transit_ASC_auto_sufficient_shopping,walk_transit_ASC_auto_sufficient_social,walk_transit_ASC_auto_sufficient_univ,walk_transit_ASC_auto_sufficient_work,walk_transit_ASC_auto_sufficient_atwork
pnr_transit_ASC_no_auto,pnr_transit_ASC_no_auto_eatout,pnr_transit_ASC_no_auto_escort,pnr_transit_ASC_no_auto_othdiscr,pnr_transit_ASC_no_auto_othmaint,pnr_transit_ASC_no_auto_school,pnr_transit_ASC_no_auto_shopping,pnr_transit_ASC_no_auto_social,pnr_transit_ASC_no_auto_univ,pnr_transit_ASC_no_auto_work,pnr_transit_ASC_no_auto_atwork
pnr_transit_ASC_auto_deficient,pnr_transit_ASC_auto_deficient_eatout,pnr_transit_ASC_auto_deficient_escort,pnr_transit_ASC_auto_deficient_othdiscr,pnr_transit_ASC_auto_deficient_othmaint,pnr_transit_ASC_auto_deficient_school,pnr_transit_ASC_auto_deficient_shopping,pnr_transit_ASC_auto_deficient_social,pnr_transit_ASC_auto_deficient_univ,pnr_transit_ASC_auto_deficient_work,pnr_transit_ASC_auto_deficient_atwork
pnr_transit_ASC_auto_sufficient,pnr_transit_ASC_auto_sufficient_eatout,pnr_transit_ASC_auto_sufficient_escort,pnr_transit_ASC_auto_sufficient_othdiscr,pnr_transit_ASC_auto_sufficient_othmaint,pnr_transit_ASC_auto_sufficient_school,pnr_transit_ASC_auto_sufficient_shopping,pnr_transit_ASC_auto_sufficient_social,pnr_transit_ASC_auto_sufficient_univ,pnr_transit_ASC_auto_sufficient_work,pnr_transit_ASC_auto_sufficient_atwork
knr_transit_ASC_no_auto,knr_transit_ASC_no_auto_eatout,knr_transit_ASC_no_auto_escort,knr_transit_ASC_no_auto_othdiscr,knr_transit_ASC_no_auto_othmaint,knr_transit_ASC_no_auto_school,knr_transit_ASC_no_auto_shopping,knr_transit_ASC_no_auto_social,knr_transit_ASC_no_auto_univ,knr_transit_ASC_no_auto_work,knr_transit_ASC_no_auto_atwork
knr_transit_ASC_auto_deficient,knr_transit_ASC_auto_deficient_eatout,knr_transit_ASC_auto_deficient_escort,knr_transit_ASC_auto_deficient_othdiscr,knr_transit_ASC_auto_deficient_othmaint,knr_transit_ASC_auto_deficient_school,knr_transit_ASC_auto_deficient_shopping,knr_transit_ASC_auto_deficient_social,knr_transit_ASC_auto_deficient_univ,knr_transit_ASC_auto_deficient_work,knr_transit_ASC_auto_deficient_atwork
knr_transit_ASC_auto_sufficient,knr_transit_ASC_auto_sufficient_eatout,knr_transit_ASC_auto_sufficient_escort,knr_transit_ASC_auto_sufficient_othdiscr,knr_transit_ASC_auto_sufficient_othmaint,knr_transit_ASC_auto_sufficient_school,knr_transit_ASC_auto_sufficient_shopping,knr_transit_ASC_auto_sufficient_social,knr_transit_ASC_auto_sufficient_univ,knr_transit_ASC_auto_sufficient_work,knr_transit_ASC_auto_sufficient_atwork
taxi_ASC_no_auto,taxi_ASC_no_auto_eatout_othdiscr_social,taxi_ASC_no_auto_escort_othmaint_shopping,taxi_ASC_no_auto_eatout_othdiscr_social,taxi_ASC_no_auto_escort_othmaint_shopping,taxi_ASC_no_auto_school_univ,taxi_ASC_no_auto_escort_othmaint_shopping,taxi_ASC_no_auto_eatout_othdiscr_social,taxi_ASC_no_auto_school_univ,taxi_ASC_no_auto_work,taxi_ASC_no_auto_atwork
taxi_ASC_auto_deficient,taxi_ASC_auto_deficient_eatout_othdiscr_social,taxi_ASC_auto_deficient_escort_othmaint_shopping,taxi_ASC_auto_deficient_eatout_othdiscr_social,taxi_ASC_auto_deficient_escort_othmaint_shopping,taxi_ASC_auto_deficient_school,taxi_ASC_auto_deficient_escort_othmaint_shopping,taxi_ASC_auto_deficient_eatout_othdiscr_social,taxi_ASC_auto_deficient_univ,taxi_ASC_auto_deficient_work,taxi_ASC_auto_deficient_atwork
taxi_ASC_auto_sufficient,taxi_ASC_auto_sufficient_eatout_othdiscr_social,taxi_ASC_auto_sufficient_escort_othmaint_shopping,taxi_ASC_auto_sufficient_eatout_othdiscr_social,taxi_ASC_auto_sufficient_escort_othmaint_shopping,taxi_ASC_auto_sufficient_school,taxi_ASC_auto_sufficient_escort_othmaint_shopping,taxi_ASC_auto_sufficient_eatout_othdiscr_social,taxi_ASC_auto_sufficient_univ,taxi_ASC_auto_sufficient_work,taxi_ASC_auto_sufficient_atwork
tnc_single_ASC_no_auto,tnc_single_ASC_no_auto_eatout_othdiscr_social,tnc_single_ASC_no_auto_escort_othmaint_shopping,tnc_single_ASC_no_auto_eatout_othdiscr_social,tnc_single_ASC_no_auto_escort_othmaint_shopping,tnc_single_ASC_no_auto_school,tnc_single_ASC_no_auto_escort_othmaint_shopping,tnc_single_ASC_no_auto_eatout_othdiscr_social,tnc_single_ASC_no_auto_univ,tnc_single_ASC_no_auto_work,tnc_single_ASC_no_auto_atwork
tnc_single_ASC_auto_deficient,tnc_single_ASC_auto_deficient_eatout_othdiscr_social,tnc_single_ASC_auto_deficient_escort_othmaint_shopping,tnc_single_ASC_auto_deficient_eatout_othdiscr_social,tnc_single_ASC_auto_deficient_escort_othmaint_shopping,tnc_single_ASC_auto_deficient_school,tnc_single_ASC_auto_deficient_escort_othmaint_shopping,tnc_single_ASC_auto_deficient_eatout_othdiscr_social,tnc_single_ASC_auto_deficient_univ,tnc_single_ASC_auto_deficient_work,tnc_single_ASC_auto_deficient_atwork
tnc_single_ASC_auto_sufficient,tnc_single_ASC_auto_sufficient_eatout_othdiscr_social,tnc_single_ASC_auto_sufficient_escort_othmaint_shopping,tnc_single_ASC_auto_sufficient_eatout_othdiscr_social,tnc_single_ASC_auto_sufficient_escort_othmaint_shopping,tnc_single_ASC_auto_sufficient_school,tnc_single_ASC_auto_sufficient_escort_othmaint_shopping,tnc_single_ASC_auto_sufficient_eatout_othdiscr_social,tnc_single_ASC_auto_sufficient_univ,tnc_single_ASC_auto_sufficient_work,tnc_single_ASC_auto_sufficient_atwork
tnc_shared_ASC_no_auto,tnc_shared_ASC_no_auto_eatout_othdiscr_social,tnc_shared_ASC_no_auto_escort_othmaint_shopping,tnc_shared_ASC_no_auto_eatout_othdiscr_social,tnc_shared_ASC_no_auto_escort_othmaint_shopping,tnc_shared_ASC_no_auto_school,tnc_shared_ASC_no_auto_escort_othmaint_shopping,tnc_shared_ASC_no_auto_eatout_othdiscr_social,tnc_shared_ASC_no_auto_univ,tnc_shared_ASC_no_auto_work,tnc_shared_ASC_no_auto_atwork
tnc_shared_ASC_auto_deficient,tnc_shared_ASC_auto_deficient_eatout_othdiscr_social,tnc_shared_ASC_auto_deficient_escort_othmaint_shopping,tnc_shared_ASC_auto_deficient_eatout_othdiscr_social,tnc_shared_ASC_auto_deficient_escort_othmaint_shopping,tnc_shared_ASC_auto_deficient_school,tnc_shared_ASC_auto_deficient_escort_othmaint_shopping,tnc_shared_ASC_auto_deficient_eatout_othdiscr_social,tnc_shared_ASC_auto_deficient_univ,tnc_shared_ASC_auto_deficient_work,tnc_shared_ASC_auto_deficient_atwork
tnc_shared_ASC_auto_sufficient,tnc_shared_ASC_auto_sufficient_eatout_othdiscr_social,tnc_shared_ASC_auto_sufficient_escort_othmaint_shopping,tnc_shared_ASC_auto_sufficient_eatout_othdiscr_social,tnc_shared_ASC_auto_sufficient_escort_othmaint_shopping,tnc_shared_ASC_auto_sufficient_school,tnc_shared_ASC_auto_sufficient_escort_othmaint_shopping,tnc_shared_ASC_auto_sufficient_eatout_othdiscr_social,tnc_shared_ASC_auto_sufficient_univ,tnc_shared_ASC_auto_sufficient_work,tnc_shared_ASC_auto_sufficient_atwork
joint_walk_ASC_no_auto,joint_walk_ASC_no_auto_all,joint_walk_ASC_no_auto_all,joint_walk_ASC_no_auto_all,joint_walk_ASC_no_auto_all,joint_walk_ASC_no_auto_all,joint_walk_ASC_no_auto_all,joint_walk_ASC_no_auto_all,joint_walk_ASC_no_auto_all,joint_walk_ASC_no_auto_all,joint_walk_ASC_no_auto_all
joint_walk_ASC_auto_deficient,joint_walk_ASC_auto_deficient_all,joint_walk_ASC_auto_deficient_all,joint_walk_ASC_auto_deficient_all,joint_walk_ASC_auto_deficient_all,joint_walk_ASC_auto_deficient_all,joint_walk_ASC_auto_deficient_all,joint_walk_ASC_auto_deficient_all,joint_walk_ASC_auto_deficient_all,joint_walk_ASC_auto_deficient_all,joint_walk_ASC_auto_deficient_all
joint_walk_ASC_auto_sufficient,joint_walk_ASC_auto_sufficient_all,joint_walk_ASC_auto_sufficient_all,joint_walk_ASC_auto_sufficient_all,joint_walk_ASC_auto_sufficient_all,joint_walk_ASC_auto_sufficient_all,joint_walk_ASC_auto_sufficient_all,joint_walk_ASC_auto_sufficient_all,joint_walk_ASC_auto_sufficient_all,joint_walk_ASC_auto_sufficient_all,joint_walk_ASC_auto_sufficient_all
joint_bike_ASC_no_auto,joint_bike_ASC_no_auto_all,joint_bike_ASC_no_auto_all,joint_bike_ASC_no_auto_all,joint_bike_ASC_no_auto_all,joint_bike_ASC_no_auto_all,joint_bike_ASC_no_auto_all,joint_bike_ASC_no_auto_all,joint_bike_ASC_no_auto_all,joint_bike_ASC_no_auto_all,joint_bike_ASC_no_auto_all
joint_bike_ASC_auto_deficient,joint_bike_ASC_auto_deficient_all,joint_bike_ASC_auto_deficient_all,joint_bike_ASC_auto_deficient_all,joint_bike_ASC_auto_deficient_all,joint_bike_ASC_auto_deficient_all,joint_bike_ASC_auto_deficient_all,joint_bike_ASC_auto_deficient_all,joint_bike_ASC_auto_deficient_all,joint_bike_ASC_auto_deficient_all,joint_bike_ASC_auto_deficient_all
joint_bike_ASC_auto_sufficient,joint_bike_ASC_auto_sufficient_all,joint_bike_ASC_auto_sufficient_all,joint_bike_ASC_auto_sufficient_all,joint_bike_ASC_auto_sufficient_all,joint_bike_ASC_auto_sufficient_all,joint_bike_ASC_auto_sufficient_all,joint_bike_ASC_auto_sufficient_all,joint_bike_ASC_auto_sufficient_all,joint_bike_ASC_auto_sufficient_all,joint_bike_ASC_auto_sufficient_all
joint_sr2_ASC_no_auto,joint_sr2_ASC_no_auto_all,joint_sr2_ASC_no_auto_all,joint_sr2_ASC_no_auto_all,joint_sr2_ASC_no_auto_all,joint_sr2_ASC_no_auto_all,joint_sr2_ASC_no_auto_all,joint_sr2_ASC_no_auto_all,joint_sr2_ASC_no_auto_all,joint_sr2_ASC_no_auto_all,joint_sr2_ASC_no_auto_all
joint_sr2_ASC_auto_deficient,joint_sr2_ASC_auto_deficient_all,joint_sr2_ASC_auto_deficient_all,joint_sr2_ASC_auto_deficient_all,joint_sr2_ASC_auto_deficient_all,joint_sr2_ASC_auto_deficient_all,joint_sr2_ASC_auto_deficient_all,joint_sr2_ASC_auto_deficient_all,joint_sr2_ASC_auto_deficient_all,joint_sr2_ASC_auto_deficient_all,joint_sr2_ASC_auto_deficient_all
joint_sr2_ASC_auto_sufficient,joint_sr2_ASC_auto_sufficient_all,joint_sr2_ASC_auto_sufficient_all,joint_sr2_ASC_auto_sufficient_all,joint_sr2_ASC_auto_sufficient_all,joint_sr2_ASC_auto_sufficient_all,joint_sr2_ASC_auto_sufficient_all,joint_sr2_ASC_auto_sufficient_all,joint_sr2_ASC_auto_sufficient_all,joint_sr2_ASC_auto_sufficient_all,joint_sr2_ASC_auto_sufficient_all
joint_sr3p_ASC_no_auto,joint_sr3p_ASC_no_auto_all,joint_sr3p_ASC_no_auto_all,joint_sr3p_ASC_no_auto_all,joint_sr3p_ASC_no_auto_all,joint_sr3p_ASC_no_auto_all,joint_sr3p_ASC_no_auto_all,joint_sr3p_ASC_no_auto_all,joint_sr3p_ASC_no_auto_all,joint_sr3p_ASC_no_auto_all,joint_sr3p_ASC_no_auto_all
joint_sr3p_ASC_auto_deficient,joint_sr3p_ASC_auto_deficient_all,joint_sr3p_ASC_auto_deficient_all,joint_sr3p_ASC_auto_deficient_all,joint_sr3p_ASC_auto_deficient_all,joint_sr3p_ASC_auto_deficient_all,joint_sr3p_ASC_auto_deficient_all,joint_sr3p_ASC_auto_deficient_all,joint_sr3p_ASC_auto_deficient_all,joint_sr3p_ASC_auto_deficient_all,joint_sr3p_ASC_auto_deficient_all
joint_sr3p_ASC_auto_sufficient,joint_sr3p_ASC_auto_sufficient_all,joint_sr3p_ASC_auto_sufficient_all,joint_sr3p_ASC_auto_sufficient_all,joint_sr3p_ASC_auto_sufficient_all,joint_sr3p_ASC_auto_sufficient_all,joint_sr3p_ASC_auto_sufficient_all,joint_sr3p_ASC_auto_sufficient_all,joint_sr3p_ASC_auto_sufficient_all,joint_sr3p_ASC_auto_sufficient_all,joint_sr3p_ASC_auto_sufficient_all
joint_walk_transit_ASC_no_auto,joint_walk_transit_ASC_no_auto_all,joint_walk_transit_ASC_no_auto_all,joint_walk_transit_ASC_no_auto_all,joint_walk_transit_ASC_no_auto_all,joint_walk_transit_ASC_no_auto_all,joint_walk_transit_ASC_no_auto_all,joint_walk_transit_ASC_no_auto_all,joint_walk_transit_ASC_no_auto_all,joint_walk_transit_ASC_no_auto_all,joint_walk_transit_ASC_no_auto_all
joint_walk_transit_ASC_auto_deficient,joint_walk_transit_ASC_auto_deficient_all,joint_walk_transit_ASC_auto_deficient_all,joint_walk_transit_ASC_auto_deficient_all,joint_walk_transit_ASC_auto_deficient_all,joint_walk_transit_ASC_auto_deficient_all,joint_walk_transit_ASC_auto_deficient_all,joint_walk_transit_ASC_auto_deficient_all,joint_walk_transit_ASC_auto_deficient_all,joint_walk_transit_ASC_auto_deficient_all,joint_walk_transit_ASC_auto_deficient_all
joint_walk_transit_ASC_auto_sufficient,joint_walk_transit_ASC_auto_sufficient_all,joint_walk_transit_ASC_auto_sufficient_all,joint_walk_transit_ASC_auto_sufficient_all,joint_walk_transit_ASC_auto_sufficient_all,joint_walk_transit_ASC_auto_sufficient_all,joint_walk_transit_ASC_auto_sufficient_all,joint_walk_transit_ASC_auto_sufficient_all,joint_walk_transit_ASC_auto_sufficient_all,joint_walk_transit_ASC_auto_sufficient_all,joint_walk_transit_ASC_auto_sufficient_all
joint_pnr_transit_ASC_no_auto,joint_pnr_transit_ASC_no_auto_all,joint_pnr_transit_ASC_no_auto_all,joint_pnr_transit_ASC_no_auto_all,joint_pnr_transit_ASC_no_auto_all,joint_pnr_transit_ASC_no_auto_all,joint_pnr_transit_ASC_no_auto_all,joint_pnr_transit_ASC_no_auto_all,joint_pnr_transit_ASC_no_auto_all,joint_pnr_transit_ASC_no_auto_all,joint_pnr_transit_ASC_no_auto_all
joint_pnr_transit_ASC_auto_deficient,joint_pnr_transit_ASC_auto_deficient_all,joint_pnr_transit_ASC_auto_deficient_all,joint_pnr_transit_ASC_auto_deficient_all,joint_pnr_transit_ASC_auto_deficient_all,joint_pnr_transit_ASC_auto_deficient_all,joint_pnr_transit_ASC_auto_deficient_all,joint_pnr_transit_ASC_auto_deficient_all,joint_pnr_transit_ASC_auto_deficient_all,joint_pnr_transit_ASC_auto_deficient_all,joint_pnr_transit_ASC_auto_deficient_all
joint_pnr_transit_ASC_auto_sufficient,joint_pnr_transit_ASC_auto_sufficient_all,joint_pnr_transit_ASC_auto_sufficient_all,joint_pnr_transit_ASC_auto_sufficient_all,joint_pnr_transit_ASC_auto_sufficient_all,joint_pnr_transit_ASC_auto_sufficient_all,joint_pnr_transit_ASC_auto_sufficient_all,joint_pnr_transit_ASC_auto_sufficient_all,joint_pnr_transit_ASC_auto_sufficient_all,joint_pnr_transit_ASC_auto_sufficient_all,joint_pnr_transit_ASC_auto_sufficient_all
joint_knr_transit_ASC_no_auto,joint_knr_transit_ASC_no_auto_all,joint_knr_transit_ASC_no_auto_all,joint_knr_transit_ASC_no_auto_all,joint_knr_transit_ASC_no_auto_all,joint_knr_transit_ASC_no_auto_all,joint_knr_transit_ASC_no_auto_all,joint_knr_transit_ASC_no_auto_all,joint_knr_transit_ASC_no_auto_all,joint_knr_transit_ASC_no_auto_all,joint_knr_transit_ASC_no_auto_all
joint_knr_transit_ASC_auto_deficient,joint_knr_transit_ASC_auto_deficient_all,joint_knr_transit_ASC_auto_deficient_all,joint_knr_transit_ASC_auto_deficient_all,joint_knr_transit_ASC_auto_deficient_all,joint_knr_transit_ASC_auto_deficient_all,joint_knr_transit_ASC_auto_deficient_all,joint_knr_transit_ASC_auto_deficient_all,joint_knr_transit_ASC_auto_deficient_all,joint_knr_transit_ASC_auto_deficient_all,joint_knr_transit_ASC_auto_deficient_all
joint_knr_transit_ASC_auto_sufficient,joint_knr_transit_ASC_auto_sufficient_all,joint_knr_transit_ASC_auto_sufficient_all,joint_knr_transit_ASC_auto_sufficient_all,joint_knr_transit_ASC_auto_sufficient_all,joint_knr_transit_ASC_auto_sufficient_all,joint_knr_transit_ASC_auto_sufficient_all,joint_knr_transit_ASC_auto_sufficient_all,joint_knr_transit_ASC_auto_sufficient_all,joint_knr_transit_ASC_auto_sufficient_all,joint_knr_transit_ASC_auto_sufficient_all
joint_taxi_ASC_no_auto,joint_taxi_ASC_no_auto_all,joint_taxi_ASC_no_auto_all,joint_taxi_ASC_no_auto_all,joint_taxi_ASC_no_auto_all,joint_taxi_ASC_no_auto_all,joint_taxi_ASC_no_auto_all,joint_taxi_ASC_no_auto_all,joint_taxi_ASC_no_auto_all,joint_taxi_ASC_no_auto_all,joint_taxi_ASC_no_auto_all
joint_taxi_ASC_auto_deficient,joint_taxi_ASC_auto_deficient_all,joint_taxi_ASC_auto_deficient_all,joint_taxi_ASC_auto_deficient_all,joint_taxi_ASC_auto_deficient_all,joint_taxi_ASC_auto_deficient_all,joint_taxi_ASC_auto_deficient_all,joint_taxi_ASC_auto_deficient_all,joint_taxi_ASC_auto_deficient_all,joint_taxi_ASC_auto_deficient_all,joint_taxi_ASC_auto_deficient_all
joint_taxi_ASC_auto_sufficient,joint_taxi_ASC_auto_sufficient_all,joint_taxi_ASC_auto_sufficient_all,joint_taxi_ASC_auto_sufficient_all,joint_taxi_ASC_auto_sufficient_all,joint_taxi_ASC_auto_sufficient_all,joint_taxi_ASC_auto_sufficient_all,joint_taxi_ASC_auto_sufficient_all,joint_taxi_ASC_auto_sufficient_all,joint_taxi_ASC_auto_sufficient_all,joint_taxi_ASC_auto_sufficient_all
joint_tnc_single_ASC_no_auto,joint_tnc_single_ASC_no_auto_all,joint_tnc_single_ASC_no_auto_all,joint_tnc_single_ASC_no_auto_all,joint_tnc_single_ASC_no_auto_all,joint_tnc_single_ASC_no_auto_all,joint_tnc_single_ASC_no_auto_all,joint_tnc_single_ASC_no_auto_all,joint_tnc_single_ASC_no_auto_all,joint_tnc_single_ASC_no_auto_all,joint_tnc_single_ASC_no_auto_all
joint_tnc_single_ASC_auto_deficient,joint_tnc_single_ASC_auto_deficient_all,joint_tnc_single_ASC_auto_deficient_all,joint_tnc_single_ASC_auto_deficient_all,joint_tnc_single_ASC_auto_deficient_all,joint_tnc_single_ASC_auto_deficient_all,joint_tnc_single_ASC_auto_deficient_all,joint_tnc_single_ASC_auto_deficient_all,joint_tnc_single_ASC_auto_deficient_all,joint_tnc_single_ASC_auto_deficient_all,joint_tnc_single_ASC_auto_deficient_all
joint_tnc_single_ASC_auto_sufficient,joint_tnc_single_ASC_auto_sufficient_all,joint_tnc_single_ASC_auto_sufficient_all,joint_tnc_single_ASC_auto_sufficient_all,joint_tnc_single_ASC_auto_sufficient_all,joint_tnc_single_ASC_auto_sufficient_all,joint_tnc_single_ASC_auto_sufficient_all,joint_tnc_single_ASC_auto_sufficient_all,joint_tnc_single_ASC_auto_sufficient_all,joint_tnc_single_ASC_auto_sufficient_all,joint_tnc_single_ASC_auto_sufficient_all
joint_tnc_shared_ASC_no_auto,joint_tnc_shared_ASC_no_auto_all,joint_tnc_shared_ASC_no_auto_all,joint_tnc_shared_ASC_no_auto_all,joint_tnc_shared_ASC_no_auto_all,joint_tnc_shared_ASC_no_auto_all,joint_tnc_shared_ASC_no_auto_all,joint_tnc_shared_ASC_no_auto_all,joint_tnc_shared_ASC_no_auto_all,joint_tnc_shared_ASC_no_auto_all,joint_tnc_shared_ASC_no_auto_all
joint_tnc_shared_ASC_auto_deficient,joint_tnc_shared_ASC_auto_deficient_all,joint_tnc_shared_ASC_auto_deficient_all,joint_tnc_shared_ASC_auto_deficient_all,joint_tnc_shared_ASC_auto_deficient_all,joint_tnc_shared_ASC_auto_deficient_all,joint_tnc_shared_ASC_auto_deficient_all,joint_tnc_shared_ASC_auto_deficient_all,joint_tnc_shared_ASC_auto_deficient_all,joint_tnc_shared_ASC_auto_deficient_all,joint_tnc_shared_ASC_auto_deficient_all
joint_tnc_shared_ASC_auto_sufficient,joint_tnc_shared_ASC_auto_sufficient_all,joint_tnc_shared_ASC_auto_sufficient_all,joint_tnc_shared_ASC_auto_sufficient_all,joint_tnc_shared_ASC_auto_sufficient_all,joint_tnc_shared_ASC_auto_sufficient_all,joint_tnc_shared_ASC_auto_sufficient_all,joint_tnc_shared_ASC_auto_sufficient_all,joint_tnc_shared_ASC_auto_sufficient_all,joint_tnc_shared_ASC_auto_sufficient_all,joint_tnc_shared_ASC_auto_sufficient_all
local_ASC,local_ASC_eatout_escort_othdiscr_othmaint_shopping_social_atwork,local_ASC_eatout_escort_othdiscr_othmaint_shopping_social_atwork,local_ASC_eatout_escort_othdiscr_othmaint_shopping_social_atwork,local_ASC_eatout_escort_othdiscr_othmaint_shopping_social_atwork,local_ASC_school_univ,local_ASC_eatout_escort_othdiscr_othmaint_shopping_social_atwork,local_ASC_eatout_escort_othdiscr_othmaint_shopping_social_atwork,local_ASC_school_univ,local_ASC_work,local_ASC_eatout_escort_othdiscr_othmaint_shopping_social_atwork
premium_ASC,premium_ASC_eatout_escort_othdiscr_othmaint_shopping_social_atwork,premium_ASC_eatout_escort_othdiscr_othmaint_shopping_social_atwork,premium_ASC_eatout_escort_othdiscr_othmaint_shopping_social_atwork,premium_ASC_eatout_escort_othdiscr_othmaint_shopping_social_atwork,premium_ASC_school_univ,premium_ASC_eatout_escort_othdiscr_othmaint_shopping_social_atwork,premium_ASC_eatout_escort_othdiscr_othmaint_shopping_social_atwork,premium_ASC_school_univ,premium_ASC_work,premium_ASC_eatout_escort_othdiscr_othmaint_shopping_social_atwork
mix_ASC,mix_ASC_eatout_escort_othdiscr_othmaint_shopping_social_atwork,mix_ASC_eatout_escort_othdiscr_othmaint_shopping_social_atwork,mix_ASC_eatout_escort_othdiscr_othmaint_shopping_social_atwork,mix_ASC_eatout_escort_othdiscr_othmaint_shopping_social_atwork,mix_ASC_school_univ,mix_ASC_eatout_escort_othdiscr_othmaint_shopping_social_atwork,mix_ASC_eatout_escort_othdiscr_othmaint_shopping_social_atwork,mix_ASC_school_univ,mix_ASC_work,mix_ASC_eatout_escort_othdiscr_othmaint_shopping_social_atwork
# walk_light_rail_ASC,walk_light_rail_ASC_eatout_escort_othdiscr_othmaint_shopping_social_atwork,walk_light_rail_ASC_eatout_escort_othdiscr_othmaint_shopping_social_atwork,walk_light_rail_ASC_eatout_escort_othdiscr_othmaint_shopping_social_atwork,walk_light_rail_ASC_eatout_escort_othdiscr_othmaint_shopping_social_atwork,walk_light_rail_ASC_school_univ,walk_light_rail_ASC_eatout_escort_othdiscr_othmaint_shopping_social_atwork,walk_light_rail_ASC_eatout_escort_othdiscr_othmaint_shopping_social_atwork,walk_light_rail_ASC_school_univ,walk_light_rail_ASC_work,walk_light_rail_ASC_eatout_escort_othdiscr_othmaint_shopping_social_atwork
# drive_light_rail_ASC,drive_light_rail_ASC_eatout_escort_othdiscr_othmaint_shopping_social_atwork,drive_light_rail_ASC_eatout_escort_othdiscr_othmaint_shopping_social_atwork,drive_light_rail_ASC_eatout_escort_othdiscr_othmaint_shopping_social_atwork,drive_light_rail_ASC_eatout_escort_othdiscr_othmaint_shopping_social_atwork,drive_light_rail_ASC_school_univ,drive_light_rail_ASC_eatout_escort_othdiscr_othmaint_shopping_social_atwork,drive_light_rail_ASC_eatout_escort_othdiscr_othmaint_shopping_social_atwork,drive_light_rail_ASC_school_univ,drive_light_rail_ASC_work,drive_light_rail_ASC_eatout_escort_othdiscr_othmaint_shopping_social_atwork
# walk_ferry_ASC,walk_ferry_ASC_eatout_escort_othdiscr_othmaint_shopping_social_atwork,walk_ferry_ASC_eatout_escort_othdiscr_othmaint_shopping_social_atwork,walk_ferry_ASC_eatout_escort_othdiscr_othmaint_shopping_social_atwork,walk_ferry_ASC_eatout_escort_othdiscr_othmaint_shopping_social_atwork,walk_ferry_ASC_school_univ,walk_ferry_ASC_eatout_escort_othdiscr_othmaint_shopping_social_atwork,walk_ferry_ASC_eatout_escort_othdiscr_othmaint_shopping_social_atwork,walk_ferry_ASC_school_univ,walk_ferry_ASC_work,walk_ferry_ASC_eatout_escort_othdiscr_othmaint_shopping_social_atwork
# drive_ferry_ASC,drive_ferry_ASC_eatout_escort_othdiscr_othmaint_shopping_social_atwork,drive_ferry_ASC_eatout_escort_othdiscr_othmaint_shopping_social_atwork,drive_ferry_ASC_eatout_escort_othdiscr_othmaint_shopping_social_atwork,drive_ferry_ASC_eatout_escort_othdiscr_othmaint_shopping_social_atwork,drive_ferry_ASC_school_univ,drive_ferry_ASC_eatout_escort_othdiscr_othmaint_shopping_social_atwork,drive_ferry_ASC_eatout_escort_othdiscr_othmaint_shopping_social_atwork,drive_ferry_ASC_school_univ,drive_ferry_ASC_work,drive_ferry_ASC_eatout_escort_othdiscr_othmaint_shopping_social_atwork
# express_bus_ASC,express_bus_ASC_eatout_escort_othdiscr_othmaint_shopping_social_atwork,express_bus_ASC_eatout_escort_othdiscr_othmaint_shopping_social_atwork,express_bus_ASC_eatout_escort_othdiscr_othmaint_shopping_social_atwork,express_bus_ASC_eatout_escort_othdiscr_othmaint_shopping_social_atwork,express_bus_ASC_school_univ,express_bus_ASC_eatout_escort_othdiscr_othmaint_shopping_social_atwork,express_bus_ASC_eatout_escort_othdiscr_othmaint_shopping_social_atwork,express_bus_ASC_school_univ,express_bus_ASC_work,express_bus_ASC_eatout_escort_othdiscr_othmaint_shopping_social_atwork
# heavy_rail_ASC,heavy_rail_ASC_eatout_escort_othdiscr_othmaint_shopping_social_atwork,heavy_rail_ASC_eatout_escort_othdiscr_othmaint_shopping_social_atwork,heavy_rail_ASC_eatout_escort_othdiscr_othmaint_shopping_social_atwork,heavy_rail_ASC_eatout_escort_othdiscr_othmaint_shopping_social_atwork,heavy_rail_ASC_school_univ,heavy_rail_ASC_eatout_escort_othdiscr_othmaint_shopping_social_atwork,heavy_rail_ASC_eatout_escort_othdiscr_othmaint_shopping_social_atwork,heavy_rail_ASC_school_univ,heavy_rail_ASC_work,heavy_rail_ASC_eatout_escort_othdiscr_othmaint_shopping_social_atwork
# commuter_rail_ASC,commuter_rail_ASC_eatout_escort_othdiscr_othmaint_shopping_social_atwork,commuter_rail_ASC_eatout_escort_othdiscr_othmaint_shopping_social_atwork,commuter_rail_ASC_eatout_escort_othdiscr_othmaint_shopping_social_atwork,commuter_rail_ASC_eatout_escort_othdiscr_othmaint_shopping_social_atwork,commuter_rail_ASC_school_univ,commuter_rail_ASC_eatout_escort_othdiscr_othmaint_shopping_social_atwork,commuter_rail_ASC_eatout_escort_othdiscr_othmaint_shopping_social_atwork,commuter_rail_ASC_school_univ,commuter_rail_ASC_work,commuter_rail_ASC_eatout_escort_othdiscr_othmaint_shopping_social_atwork
walk_transit_CBD_ASC,walk_transit_CBD_ASC_eatout_escort_othdiscr_othmaint_shopping_social,walk_transit_CBD_ASC_eatout_escort_othdiscr_othmaint_shopping_social,walk_transit_CBD_ASC_eatout_escort_othdiscr_othmaint_shopping_social,walk_transit_CBD_ASC_eatout_escort_othdiscr_othmaint_shopping_social,walk_transit_CBD_ASC_school_univ,walk_transit_CBD_ASC_eatout_escort_othdiscr_othmaint_shopping_social,walk_transit_CBD_ASC_eatout_escort_othdiscr_othmaint_shopping_social,walk_transit_CBD_ASC_school_univ,walk_transit_CBD_ASC_work,walk_transit_CBD_ASC_atwork
drive_transit_CBD_ASC,drive_transit_CBD_ASC_eatout_escort_othdiscr_othmaint_shopping_social,drive_transit_CBD_ASC_eatout_escort_othdiscr_othmaint_shopping_social,drive_transit_CBD_ASC_eatout_escort_othdiscr_othmaint_shopping_social,drive_transit_CBD_ASC_eatout_escort_othdiscr_othmaint_shopping_social,drive_transit_CBD_ASC_school_univ,drive_transit_CBD_ASC_eatout_escort_othdiscr_othmaint_shopping_social,drive_transit_CBD_ASC_eatout_escort_othdiscr_othmaint_shopping_social,drive_transit_CBD_ASC_school_univ,drive_transit_CBD_ASC_work,drive_transit_CBD_ASC_atwork
schoolbus_ASC_no_auto,schoolbus_ASC_not_school,schoolbus_ASC_not_school,schoolbus_ASC_not_school,schoolbus_ASC_not_school,schoolbus_ASC_no_auto_school,schoolbus_ASC_not_school,schoolbus_ASC_not_school,schoolbus_ASC_not_school,schoolbus_ASC_not_school,schoolbus_ASC_not_school
schoolbus_ASC_auto_deficient,schoolbus_ASC_not_school,schoolbus_ASC_not_school,schoolbus_ASC_not_school,schoolbus_ASC_not_school,schoolbus_ASC_auto_deficient_school,schoolbus_ASC_not_school,schoolbus_ASC_not_school,schoolbus_ASC_not_school,schoolbus_ASC_not_school,schoolbus_ASC_not_school
schoolbus_ASC_auto_sufficient,schoolbus_ASC_not_school,schoolbus_ASC_not_school,schoolbus_ASC_not_school,schoolbus_ASC_not_school,schoolbus_ASC_auto_sufficient_school,schoolbus_ASC_not_school,schoolbus_ASC_not_school,schoolbus_ASC_not_school,schoolbus_ASC_not_school,schoolbus_ASC_not_school
